x_um,z_um
0.000,0.9634
0.500,1.0378
1.000,1.0993
1.500,1.1316
2.000,1.1292
2.500,1.0956
3.000,1.0374
3.500,0.9697
4.000,0.8989
4.500,0.8283
5.000,0.7596
5.500,0.6834
6.000,0.5916
6.500,0.4835
7.000,0.3558
7.500,0.2173
8.000,0.0721
8.500,-0.0634
9.000,-0.1708
9.500,-0.2438
10.000,-0.2772
10.500,-0.2749
11.000,-0.2566
11.500,-0.2347
12.000,-0.2268
12.500,-0.2407
13.000,-0.2737
13.500,-0.3127
14.000,-0.3426
14.500,-0.3430
15.000,-0.3079
15.500,-0.2437
16.000,-0.1686
16.500,-0.1019
17.000,-0.0579
17.500,-0.0294
18.000,-0.0074
18.500,0.0104
19.000,0.0294
19.500,0.0481
20.000,0.0626
20.500,0.0618
21.000,0.0572
21.500,0.0770
22.000,0.1448
22.500,0.2701
23.000,0.4386
23.500,0.6262
24.000,0.8020
24.500,0.9453
25.000,1.0525
25.500,1.1274
26.000,1.1868
26.500,1.2354
27.000,1.2841
27.500,1.3406
28.000,1.4067
28.500,1.4758
29.000,1.5524
29.500,1.6396
30.000,1.7421
30.500,1.8612
31.000,2.0018
31.500,2.1627
32.000,2.3360
32.500,2.5100
33.000,2.6678
33.500,2.8094
34.000,2.9381
34.500,3.0584
35.000,3.1627
35.500,3.2466
36.000,3.3006
36.500,3.3186
37.000,3.3030
37.500,3.2630
38.000,3.2058
38.500,3.1386
39.000,3.0686
39.500,2.9979
40.000,2.9231
40.500,2.8324
41.000,2.7105
41.500,2.5461
42.000,2.3331
42.500,2.0747
43.000,1.7665
43.500,1.4132
44.000,1.0138
44.500,0.5794
45.000,0.1452
45.500,-0.2332
46.000,-0.5065
46.500,-0.6531
47.000,-0.6901
47.500,-0.6533
48.000,-0.5932
48.500,-0.5469
49.000,-0.5303
49.500,-0.5491
50.000,-0.5908
50.500,-0.6460
51.000,-0.7008
51.500,-0.7523
52.000,-0.8002
52.500,-0.8533
53.000,-0.9218
53.500,-1.0067
54.000,-1.1028
54.500,-1.1961
55.000,-1.2652
55.500,-1.3082
56.000,-1.3315
56.500,-1.3409
57.000,-1.3551
57.500,-1.3872
58.000,-1.4390
58.500,-1.5180
59.000,-1.6225
59.500,-1.7496
60.000,-1.8850
60.500,-2.0126
61.000,-2.1186
61.500,-2.1998
62.000,-2.2602
62.500,-2.3213
63.000,-2.3969
63.500,-2.4906
64.000,-2.5859
64.500,-2.6579
65.000,-2.6861
65.500,-2.6667
66.000,-2.6126
66.500,-2.5502
67.000,-2.4997
67.500,-2.4598
68.000,-2.4275
68.500,-2.3951
69.000,-2.3506
69.500,-2.2833
70.000,-2.2008
70.500,-2.1058
71.000,-2.0039
71.500,-1.8928
72.000,-1.7670
72.500,-1.6278
73.000,-1.4830
73.500,-1.3451
74.000,-1.2383
74.500,-1.1692
75.000,-1.1345
75.500,-1.1045
76.000,-1.0417
76.500,-0.9205
77.000,-0.7395
77.500,-0.5257
78.000,-0.3171
78.500,-0.1374
79.000,0.0115
79.500,0.1568
80.000,0.3176
80.500,0.4998
81.000,0.6898
81.500,0.8631
82.000,1.0035
82.500,1.1092
83.000,1.1848
83.500,1.2444
84.000,1.3003
84.500,1.3555
85.000,1.4088
85.500,1.4610
86.000,1.5066
86.500,1.5446
87.000,1.5790
87.500,1.6089
88.000,1.6426
88.500,1.6779
89.000,1.7110
89.500,1.7422
90.000,1.7739
90.500,1.8123
91.000,1.8693
91.500,1.9502
92.000,2.0539
92.500,2.1683
93.000,2.2858
93.500,2.3973
94.000,2.4898
94.500,2.5605
95.000,2.6111
95.500,2.6543
96.000,2.6982
96.500,2.7532
97.000,2.8304
97.500,2.9243
98.000,3.0257
98.500,3.1207
99.000,3.2004
99.500,3.2535
100.000,3.2757
100.500,3.2673
101.000,3.2442
101.500,3.2226
102.000,3.2044
102.500,3.1930
103.000,3.1813
103.500,3.1496
104.000,3.0889
104.500,2.9947
105.000,2.8784
105.500,2.7548
106.000,2.6414
106.500,2.5404
107.000,2.4534
107.500,2.3813
108.000,2.3298
108.500,2.3021
109.000,2.2897
109.500,2.2780
110.000,2.2441
110.500,2.1766
111.000,2.0633
111.500,1.9081
112.000,1.7287
112.500,1.5507
113.000,1.4041
113.500,1.3148
114.000,1.2928
114.500,1.3242
115.000,1.4012
115.500,1.5044
116.000,1.6123
116.500,1.7027
117.000,1.7716
117.500,1.8130
118.000,1.8293
118.500,1.8257
119.000,1.8169
119.500,1.8027
120.000,1.7845
120.500,1.7546
121.000,1.7099
121.500,1.6493
122.000,1.5744
122.500,1.4894
123.000,1.4007
123.500,1.3157
124.000,1.2306
124.500,1.1380
125.000,1.0296
125.500,0.9000
126.000,0.7508
126.500,0.5849
127.000,0.4215
127.500,0.2677
128.000,0.1350
128.500,0.0191
129.000,-0.0829
129.500,-0.1680
130.000,-0.2433
130.500,-0.3136
131.000,-0.3794
131.500,-0.4428
132.000,-0.4983
132.500,-0.5468
133.000,-0.5935
133.500,-0.6375
134.000,-0.6835
134.500,-0.7321
135.000,-0.7891
135.500,-0.8459
136.000,-0.8941
136.500,-0.9139
137.000,-0.8941
137.500,-0.8349
138.000,-0.7586
138.500,-0.6845
139.000,-0.6326
139.500,-0.6140
140.000,-0.6319
140.500,-0.6786
141.000,-0.7357
141.500,-0.7864
142.000,-0.8203
142.500,-0.8389
143.000,-0.8493
143.500,-0.8647
144.000,-0.9005
144.500,-0.9663
145.000,-1.0573
145.500,-1.1459
146.000,-1.2129
146.500,-1.2395
147.000,-1.2239
147.500,-1.1776
148.000,-1.1239
148.500,-1.0857
149.000,-1.0728
149.500,-1.0785
150.000,-1.0869
150.500,-1.0846
151.000,-1.0656
151.500,-1.0299
152.000,-0.9895
152.500,-0.9522
153.000,-0.9209
153.500,-0.8968
154.000,-0.8707
154.500,-0.8412
155.000,-0.8079
155.500,-0.7773
156.000,-0.7633
156.500,-0.7698
157.000,-0.7969
157.500,-0.8376
158.000,-0.8757
158.500,-0.8925
159.000,-0.8851
159.500,-0.8516
160.000,-0.8058
160.500,-0.7675
161.000,-0.7449
161.500,-0.7390
162.000,-0.7377
162.500,-0.7282
163.000,-0.7007
163.500,-0.6572
164.000,-0.6097
164.500,-0.5754
165.000,-0.5662
165.500,-0.5820
166.000,-0.6206
166.500,-0.6780
167.000,-0.7450
167.500,-0.8168
168.000,-0.8887
168.500,-0.9647
169.000,-1.0503
169.500,-1.1460
170.000,-1.2527
170.500,-1.3675
171.000,-1.4752
171.500,-1.5471
172.000,-1.5702
172.500,-1.5392
173.000,-1.4645
173.500,-1.3708
174.000,-1.2882
174.500,-1.2286
175.000,-1.1847
175.500,-1.1399
176.000,-1.0741
176.500,-0.9788
177.000,-0.8594
177.500,-0.7230
178.000,-0.5964
178.500,-0.4869
179.000,-0.4006
179.500,-0.3433
180.000,-0.3101
180.500,-0.2920
181.000,-0.2879
181.500,-0.2954
182.000,-0.3156
182.500,-0.3349
183.000,-0.3232
183.500,-0.2486
184.000,-0.0975
184.500,0.1215
185.000,0.3728
185.500,0.6079
186.000,0.7985
186.500,0.9324
187.000,1.0195
187.500,1.0738
188.000,1.1147
188.500,1.1549
189.000,1.1916
189.500,1.2214
190.000,1.2397
190.500,1.2535
191.000,1.2672
191.500,1.2767
192.000,1.2798
192.500,1.2795
193.000,1.2870
193.500,1.3159
194.000,1.3689
194.500,1.4458
195.000,1.5372
195.500,1.6265
196.000,1.6953
196.500,1.7391
197.000,1.7608
197.500,1.7687
198.000,1.7709
198.500,1.7629
199.000,1.7352
199.500,1.6752
200.000,1.5784
